"ID";Facility;VACM System Health Service;Owner;Facility description of services
vha_504 - Addiction and substance abuse care;Thomas E. Creek Department of Veterans Affairs Medical Center;Addiction and substance abuse care at VA Amarillo health care;VA Amarillo health care;
vha_504 - Audiology and speech;Thomas E. Creek Department of Veterans Affairs Medical Center;Audiology and speech at VA Amarillo health care;VA Amarillo health care;
vha_504 - Cardiology;Thomas E. Creek Department of Veterans Affairs Medical Center;Cardiology at VA Amarillo health care;VA Amarillo health care;
vha_504 - Caregiver support;Thomas E. Creek Department of Veterans Affairs Medical Center;Caregiver support at VA Amarillo health care;VA Amarillo health care;
vha_504 - Critical care;Thomas E. Creek Department of Veterans Affairs Medical Center;Critical care at VA Amarillo health care;VA Amarillo health care;
vha_504 - Dental/oral surgery;Thomas E. Creek Department of Veterans Affairs Medical Center;Dental/oral surgery at VA Amarillo health care;VA Amarillo health care;
vha_504 - Dermatology;Thomas E. Creek Department of Veterans Affairs Medical Center;Dermatology at VA Amarillo health care;VA Amarillo health care;
vha_504 - Emergency care;Thomas E. Creek Department of Veterans Affairs Medical Center;Emergency care at VA Amarillo health care;VA Amarillo health care;
vha_504 - Endocrinology;Thomas E. Creek Department of Veterans Affairs Medical Center;Endocrinology at VA Amarillo health care;VA Amarillo health care;
vha_504 - Extended care and rehabilitation;Thomas E. Creek Department of Veterans Affairs Medical Center;Extended care and rehabilitation at VA Amarillo health care;VA Amarillo health care;
vha_504 - Gastroenterology;Thomas E. Creek Department of Veterans Affairs Medical Center;Gastroenterology at VA Amarillo health care;VA Amarillo health care;
vha_504 - Hematology/oncology;Thomas E. Creek Department of Veterans Affairs Medical Center;Hematology/oncology at VA Amarillo health care;VA Amarillo health care;
vha_504 - Homeless Veteran care;Thomas E. Creek Department of Veterans Affairs Medical Center;Homeless Veteran care at VA Amarillo health care;VA Amarillo health care;
vha_504 - Infectious disease;Thomas E. Creek Department of Veterans Affairs Medical Center;Infectious disease at VA Amarillo health care;VA Amarillo health care;
vha_504 - Internal medicine;Thomas E. Creek Department of Veterans Affairs Medical Center;Internal medicine at VA Amarillo health care;VA Amarillo health care;
vha_504 - Laboratory and pathology;Thomas E. Creek Department of Veterans Affairs Medical Center;Laboratory and pathology at VA Amarillo health care;VA Amarillo health care;
vha_504 - LGBT Veteran care;Thomas E. Creek Department of Veterans Affairs Medical Center;LGBT Veteran care at VA Amarillo health care;VA Amarillo health care;
vha_504 - Mental health care;Thomas E. Creek Department of Veterans Affairs Medical Center;Mental health care at VA Amarillo health care;VA Amarillo health care;
vha_504 - Minority Veteran care;Thomas E. Creek Department of Veterans Affairs Medical Center;Minority Veteran care at VA Amarillo health care;VA Amarillo health care;
vha_504 - MOVE! weight management;Thomas E. Creek Department of Veterans Affairs Medical Center;MOVE! weight management at VA Amarillo health care;VA Amarillo health care;
vha_504 - Nephrology;Thomas E. Creek Department of Veterans Affairs Medical Center;Nephrology at VA Amarillo health care;VA Amarillo health care;
vha_504 - Neurology;Thomas E. Creek Department of Veterans Affairs Medical Center;Neurology at VA Amarillo health care;VA Amarillo health care;
vha_504 - Nutrition, food, and dietary care;Thomas E. Creek Department of Veterans Affairs Medical Center;Nutrition, food, and dietary care at VA Amarillo health care;VA Amarillo health care;
vha_504 - Palliative and hospice care;Thomas E. Creek Department of Veterans Affairs Medical Center;Palliative and hospice care at VA Amarillo health care;VA Amarillo health care;
vha_504 - Patient advocates;Thomas E. Creek Department of Veterans Affairs Medical Center;Patient advocates at VA Amarillo health care;VA Amarillo health care;
vha_504 - Pharmacy;Thomas E. Creek Department of Veterans Affairs Medical Center;Pharmacy at VA Amarillo health care;VA Amarillo health care;
vha_504 - Physical therapy, occupational therapy and kinesiotherapy;Thomas E. Creek Department of Veterans Affairs Medical Center;Physical therapy, occupational therapy and kinesiotherapy at VA Amarillo health care;VA Amarillo health care;
vha_504 - Primary care;Thomas E. Creek Department of Veterans Affairs Medical Center;Primary care at VA Amarillo health care;VA Amarillo health care;
vha_504 - Pulmonary medicine;Thomas E. Creek Department of Veterans Affairs Medical Center;Pulmonary medicine at VA Amarillo health care;VA Amarillo health care;
vha_504 - Radiology;Thomas E. Creek Department of Veterans Affairs Medical Center;Radiology at VA Amarillo health care;VA Amarillo health care;
vha_504 - Recreation and creative arts therapy;Thomas E. Creek Department of Veterans Affairs Medical Center;Recreation and creative arts therapy at VA Amarillo health care;VA Amarillo health care;
vha_504 - Rehabilitation and prosthetics;Thomas E. Creek Department of Veterans Affairs Medical Center;Rehabilitation and prosthetics at VA Amarillo health care;VA Amarillo health care;
vha_504 - Returning service member care;Thomas E. Creek Department of Veterans Affairs Medical Center;Returning service member care at VA Amarillo health care;VA Amarillo health care;
vha_504 - Rheumatology;Thomas E. Creek Department of Veterans Affairs Medical Center;Rheumatology at VA Amarillo health care;VA Amarillo health care;
vha_504 - Smoking and tobacco cessation;Thomas E. Creek Department of Veterans Affairs Medical Center;Smoking and tobacco cessation at VA Amarillo health care;VA Amarillo health care;
vha_504 - Suicide prevention;Thomas E. Creek Department of Veterans Affairs Medical Center;Suicide prevention at VA Amarillo health care;VA Amarillo health care;
vha_504 - Telehealth;Thomas E. Creek Department of Veterans Affairs Medical Center;Telehealth at VA Amarillo health care;VA Amarillo health care;
vha_504 - Women Veteran care;Thomas E. Creek Department of Veterans Affairs Medical Center;Women Veteran care at VA Amarillo health care;VA Amarillo health care;
vha_504GA - Primary care;Childress VA Clinic;Primary care at VA Amarillo health care;VA Amarillo health care;
vha_504BZ - Primary care;Clovis VA Clinic;Primary care at VA Amarillo health care;VA Amarillo health care;
vha_504BZ - Urgent care;Clovis VA Clinic;Urgent care at VA Amarillo health care;VA Amarillo health care;
vha_504HB - Primary care;Dalhart VA Clinic;Primary care at VA Amarillo health care;VA Amarillo health care;
vha_504BY - Blind and low vision rehabilitation;Lubbock VA Clinic;Blind and low vision rehabilitation at VA Amarillo health care;VA Amarillo health care;
vha_504BY - Dental/oral surgery;Lubbock VA Clinic;Dental/oral surgery at VA Amarillo health care;VA Amarillo health care;
vha_504BY - Dermatology;Lubbock VA Clinic;Dermatology at VA Amarillo health care;VA Amarillo health care;
vha_504BY - Gynecology;Lubbock VA Clinic;Gynecology at VA Amarillo health care;VA Amarillo health care;
vha_504BY - Laboratory and pathology;Lubbock VA Clinic;Laboratory and pathology at VA Amarillo health care;VA Amarillo health care;
vha_504BY - Mental health care;Lubbock VA Clinic;Mental health care at VA Amarillo health care;VA Amarillo health care;
vha_504BY - Ophthalmology;Lubbock VA Clinic;Ophthalmology at VA Amarillo health care;VA Amarillo health care;
vha_504BY - Optometry;Lubbock VA Clinic;Optometry at VA Amarillo health care;VA Amarillo health care;
vha_504BY - Pharmacy;Lubbock VA Clinic;Pharmacy at VA Amarillo health care;VA Amarillo health care;
vha_504BY - Physical therapy, occupational therapy and kinesiotherapy;Lubbock VA Clinic;Physical therapy, occupational therapy and kinesiotherapy at VA Amarillo health care;VA Amarillo health care;
vha_504BY - Podiatry;Lubbock VA Clinic;Podiatry at VA Amarillo health care;VA Amarillo health care;
vha_504BY - Primary care;Lubbock VA Clinic;Primary care at VA Amarillo health care;VA Amarillo health care;
vha_504BY - Radiology;Lubbock VA Clinic;Radiology at VA Amarillo health care;VA Amarillo health care;
vha_504BY - Registry exams;Lubbock VA Clinic;Registry exams at VA Amarillo health care;VA Amarillo health care;
vha_504BY - Social work;Lubbock VA Clinic;Social work at VA Amarillo health care;VA Amarillo health care;
vha_504BY - Urology;Lubbock VA Clinic;Urology at VA Amarillo health care;VA Amarillo health care;
vha_674 - Advice nurse;"Olin E. Teague Veterans"" Center";Advice nurse at VA Central Texas health care;VA Central Texas health care;
vha_674 - Amputation care;"Olin E. Teague Veterans"" Center";Amputation care at VA Central Texas health care;VA Central Texas health care;
vha_674 - Audiology and speech;"Olin E. Teague Veterans"" Center";Audiology and speech at VA Central Texas health care;VA Central Texas health care;
vha_674 - Cardiology;"Olin E. Teague Veterans"" Center";Cardiology at VA Central Texas health care;VA Central Texas health care;
vha_674 - Caregiver support;"Olin E. Teague Veterans"" Center";Caregiver support at VA Central Texas health care;VA Central Texas health care;
vha_674 - Chiropractic;"Olin E. Teague Veterans"" Center";Chiropractic at VA Central Texas health care;VA Central Texas health care;
vha_674 - Dental/oral surgery;"Olin E. Teague Veterans"" Center";Dental/oral surgery at VA Central Texas health care;VA Central Texas health care;
vha_674 - Dermatology;"Olin E. Teague Veterans"" Center";Dermatology at VA Central Texas health care;VA Central Texas health care;
vha_674 - Endocrinology;"Olin E. Teague Veterans"" Center";Endocrinology at VA Central Texas health care;VA Central Texas health care;
vha_674 - Extended care and rehabilitation;"Olin E. Teague Veterans"" Center";Extended care and rehabilitation at VA Central Texas health care;VA Central Texas health care;
vha_674 - Gastroenterology;"Olin E. Teague Veterans"" Center";Gastroenterology at VA Central Texas health care;VA Central Texas health care;
vha_674 - Geriatrics;"Olin E. Teague Veterans"" Center";Geriatrics at VA Central Texas health care;VA Central Texas health care;
vha_674 - Hematology/oncology;"Olin E. Teague Veterans"" Center";Hematology/oncology at VA Central Texas health care;VA Central Texas health care;
vha_674 - Homeless Veteran care;"Olin E. Teague Veterans"" Center";Homeless Veteran care at VA Central Texas health care;VA Central Texas health care;
vha_674 - Infectious disease;"Olin E. Teague Veterans"" Center";Infectious disease at VA Central Texas health care;VA Central Texas health care;
vha_674 - Laboratory and pathology;"Olin E. Teague Veterans"" Center";Laboratory and pathology at VA Central Texas health care;VA Central Texas health care;
vha_674 - LGBT Veteran care;"Olin E. Teague Veterans"" Center";LGBT Veteran care at VA Central Texas health care;VA Central Texas health care;
vha_674 - Blind and low vision rehabilitation;"Olin E. Teague Veterans"" Center";Blind and low vision rehabilitation at VA Central Texas health care;VA Central Texas health care;
vha_674 - Mental health care;"Olin E. Teague Veterans"" Center";Mental health care at VA Central Texas health care;VA Central Texas health care;
vha_674 - Minority Veteran care;"Olin E. Teague Veterans"" Center";Minority Veteran care at VA Central Texas health care;VA Central Texas health care;
vha_674 - MOVE! weight management;"Olin E. Teague Veterans"" Center";MOVE! weight management at VA Central Texas health care;VA Central Texas health care;
vha_674 - My HealtheVet coordinator;"Olin E. Teague Veterans"" Center";My HealtheVet coordinator at VA Central Texas health care;VA Central Texas health care;
vha_674 - Nephrology;"Olin E. Teague Veterans"" Center";Nephrology at VA Central Texas health care;VA Central Texas health care;
vha_674 - Neurology;"Olin E. Teague Veterans"" Center";Neurology at VA Central Texas health care;VA Central Texas health care;
vha_674 - Nutrition, food, and dietary care;"Olin E. Teague Veterans"" Center";Nutrition, food, and dietary care at VA Central Texas health care;VA Central Texas health care;
vha_674 - Orthopedics;"Olin E. Teague Veterans"" Center";Orthopedics at VA Central Texas health care;VA Central Texas health care;
vha_674 - Patient advocates;"Olin E. Teague Veterans"" Center";Patient advocates at VA Central Texas health care;VA Central Texas health care;
vha_674 - Pharmacy;"Olin E. Teague Veterans"" Center";Pharmacy at VA Central Texas health care;VA Central Texas health care;
vha_674 - Physical medicine and rehabilitation;"Olin E. Teague Veterans"" Center";Physical medicine and rehabilitation at VA Central Texas health care;VA Central Texas health care;
vha_674 - Physical therapy, occupational therapy and kinesiotherapy;"Olin E. Teague Veterans"" Center";Physical therapy, occupational therapy and kinesiotherapy at VA Central Texas health care;VA Central Texas health care;
vha_674 - Primary care;"Olin E. Teague Veterans"" Center";Primary care at VA Central Texas health care;VA Central Texas health care;
vha_674 - Psychology;"Olin E. Teague Veterans"" Center";Psychology at VA Central Texas health care;VA Central Texas health care;
vha_674 - PTSD care;"Olin E. Teague Veterans"" Center";PTSD care at VA Central Texas health care;VA Central Texas health care;
vha_674 - Pulmonary medicine;"Olin E. Teague Veterans"" Center";Pulmonary medicine at VA Central Texas health care;VA Central Texas health care;
vha_674 - Recreation and creative arts therapy;"Olin E. Teague Veterans"" Center";Recreation and creative arts therapy at VA Central Texas health care;VA Central Texas health care;
vha_674 - Rehabilitation and prosthetics;"Olin E. Teague Veterans"" Center";Rehabilitation and prosthetics at VA Central Texas health care;VA Central Texas health care;
vha_674 - Returning service member care;"Olin E. Teague Veterans"" Center";Returning service member care at VA Central Texas health care;VA Central Texas health care;
vha_674 - Rheumatology;"Olin E. Teague Veterans"" Center";Rheumatology at VA Central Texas health care;VA Central Texas health care;
vha_674 - Social work;"Olin E. Teague Veterans"" Center";Social work at VA Central Texas health care;VA Central Texas health care;
vha_674 - Spinal cord injury and disorders;"Olin E. Teague Veterans"" Center";Spinal cord injury and disorders at VA Central Texas health care;VA Central Texas health care;
vha_674 - Suicide prevention;"Olin E. Teague Veterans"" Center";Suicide prevention at VA Central Texas health care;VA Central Texas health care;
vha_674 - Telehealth;"Olin E. Teague Veterans"" Center";Telehealth at VA Central Texas health care;VA Central Texas health care;
vha_674 - Women Veteran care;"Olin E. Teague Veterans"" Center";Women Veteran care at VA Central Texas health care;VA Central Texas health care;
vha_674A4 - Mental health care;Doris Miller Department of Veterans Affairs Medical Center;Mental health care at VA Central Texas health care;VA Central Texas health care;
vha_674A4 - Laboratory and pathology;Doris Miller Department of Veterans Affairs Medical Center;Laboratory and pathology at VA Central Texas health care;VA Central Texas health care;
vha_674A4 - My HealtheVet coordinator;Doris Miller Department of Veterans Affairs Medical Center;My HealtheVet coordinator at VA Central Texas health care;VA Central Texas health care;
vha_674A4 - Pharmacy;Doris Miller Department of Veterans Affairs Medical Center;Pharmacy at VA Central Texas health care;VA Central Texas health care;
vha_674A4 - Primary care;Doris Miller Department of Veterans Affairs Medical Center;Primary care at VA Central Texas health care;VA Central Texas health care;
vha_674A4 - Smoking and tobacco cessation;Doris Miller Department of Veterans Affairs Medical Center;Smoking and tobacco cessation at VA Central Texas health care;VA Central Texas health care;
vha_674BY - Audiology and speech;Austin VA Clinic;Audiology and speech at VA Central Texas health care;VA Central Texas health care;
vha_674BY - Amputation care;Austin VA Clinic;Amputation care at VA Central Texas health care;VA Central Texas health care;
vha_674BY - Chiropractic;Austin VA Clinic;Chiropractic at VA Central Texas health care;VA Central Texas health care;
vha_674BY - Dental/oral surgery;Austin VA Clinic;Dental/oral surgery at VA Central Texas health care;VA Central Texas health care;
vha_674BY - Hematology/oncology;Austin VA Clinic;Hematology/oncology at VA Central Texas health care;VA Central Texas health care;
vha_674BY - Homeless Veteran care;Austin VA Clinic;Homeless Veteran care at VA Central Texas health care;VA Central Texas health care;
vha_674BY - Mental health care;Austin VA Clinic;Mental health care at VA Central Texas health care;VA Central Texas health care;
vha_674BY - Optometry;Austin VA Clinic;Optometry at VA Central Texas health care;VA Central Texas health care;
vha_674BY - Otolaryngology;Austin VA Clinic;Otolaryngology at VA Central Texas health care;VA Central Texas health care;
vha_674BY - Pain management;Austin VA Clinic;Pain management at VA Central Texas health care;VA Central Texas health care;
vha_674BY - Patient advocates;Austin VA Clinic;Patient advocates at VA Central Texas health care;VA Central Texas health care;
vha_674BY - Physical medicine and rehabilitation;Austin VA Clinic;Physical medicine and rehabilitation at VA Central Texas health care;VA Central Texas health care;
vha_674BY - Physical therapy, occupational therapy and kinesiotherapy;Austin VA Clinic;Physical therapy, occupational therapy and kinesiotherapy at VA Central Texas health care;VA Central Texas health care;
vha_674BY - Podiatry;Austin VA Clinic;Podiatry at VA Central Texas health care;VA Central Texas health care;
vha_674BY - Primary care;Austin VA Clinic;Primary care at VA Central Texas health care;VA Central Texas health care;
vha_674BY - Radiology;Austin VA Clinic;Radiology at VA Central Texas health care;VA Central Texas health care;
vha_674BY - Recreation and creative arts therapy;Austin VA Clinic;Recreation and creative arts therapy at VA Central Texas health care;VA Central Texas health care;
vha_674BY - Rehabilitation and prosthetics;Austin VA Clinic;Rehabilitation and prosthetics at VA Central Texas health care;VA Central Texas health care;
vha_674BY - Returning service member care;Austin VA Clinic;Returning service member care at VA Central Texas health care;VA Central Texas health care;
vha_674BY - Social work;Austin VA Clinic;Social work at VA Central Texas health care;VA Central Texas health care;
vha_674BY - Suicide prevention;Austin VA Clinic;Suicide prevention at VA Central Texas health care;VA Central Texas health care;
vha_674BY - Women Veteran care;Austin VA Clinic;Women Veteran care at VA Central Texas health care;VA Central Texas health care;
vha_674GB - Mental health care;Brownwood VA Clinic;Mental health care at VA Central Texas health care;VA Central Texas health care;
vha_674GB - Extended care and rehabilitation;Brownwood VA Clinic;Extended care and rehabilitation at VA Central Texas health care;VA Central Texas health care;
vha_674GB - Laboratory and pathology;Brownwood VA Clinic;Laboratory and pathology at VA Central Texas health care;VA Central Texas health care;
vha_674GB - My HealtheVet coordinator;Brownwood VA Clinic;My HealtheVet coordinator at VA Central Texas health care;VA Central Texas health care;
vha_674GB - Pharmacy;Brownwood VA Clinic;Pharmacy at VA Central Texas health care;VA Central Texas health care;
vha_674GB - Primary care;Brownwood VA Clinic;Primary care at VA Central Texas health care;VA Central Texas health care;
vha_674GB - Radiology;Brownwood VA Clinic;Radiology at VA Central Texas health care;VA Central Texas health care;
vha_674GB - Telehealth;Brownwood VA Clinic;Telehealth at VA Central Texas health care;VA Central Texas health care;
vha_674GB - Women Veteran care;Brownwood VA Clinic;Women Veteran care at VA Central Texas health care;VA Central Texas health care;
vha_674GC - Diabetic care;Bryan VA Clinic;Diabetic care at VA Central Texas health care;VA Central Texas health care;
vha_674GC - Laboratory and pathology;Bryan VA Clinic;Laboratory and pathology at VA Central Texas health care;VA Central Texas health care;
vha_674GC - Mental health care;Bryan VA Clinic;Mental health care at VA Central Texas health care;VA Central Texas health care;
vha_674GC - MOVE! weight management;Bryan VA Clinic;MOVE! weight management at VA Central Texas health care;VA Central Texas health care;
vha_674GC - My HealtheVet coordinator;Bryan VA Clinic;My HealtheVet coordinator at VA Central Texas health care;VA Central Texas health care;
vha_674GC - Nutrition, food, and dietary care;Bryan VA Clinic;Nutrition, food, and dietary care at VA Central Texas health care;VA Central Texas health care;
vha_674GC - Pharmacy;Bryan VA Clinic;Pharmacy at VA Central Texas health care;VA Central Texas health care;
vha_674GC - Primary care;Bryan VA Clinic;Primary care at VA Central Texas health care;VA Central Texas health care;
vha_674GC - Radiology;Bryan VA Clinic;Radiology at VA Central Texas health care;VA Central Texas health care;
vha_674GC - Smoking and tobacco cessation;Bryan VA Clinic;Smoking and tobacco cessation at VA Central Texas health care;VA Central Texas health care;
vha_674GC - Social work;Bryan VA Clinic;Social work at VA Central Texas health care;VA Central Texas health care;
vha_674GC - Telehealth;Bryan VA Clinic;Telehealth at VA Central Texas health care;VA Central Texas health care;
vha_674GC - Women Veteran care;Bryan VA Clinic;Women Veteran care at VA Central Texas health care;VA Central Texas health care;
vha_674GD - Laboratory and pathology;Cedar Park VA Clinic;Laboratory and pathology at VA Central Texas health care;VA Central Texas health care;
vha_674GD - Mental health care;Cedar Park VA Clinic;Mental health care at VA Central Texas health care;VA Central Texas health care;
vha_674GD - My HealtheVet coordinator;Cedar Park VA Clinic;My HealtheVet coordinator at VA Central Texas health care;VA Central Texas health care;
vha_674GD - Nutrition, food, and dietary care;Cedar Park VA Clinic;Nutrition, food, and dietary care at VA Central Texas health care;VA Central Texas health care;
vha_674GD - Pharmacy;Cedar Park VA Clinic;Pharmacy at VA Central Texas health care;VA Central Texas health care;
vha_674GD - Primary care;Cedar Park VA Clinic;Primary care at VA Central Texas health care;VA Central Texas health care;
vha_674GD - Radiology;Cedar Park VA Clinic;Radiology at VA Central Texas health care;VA Central Texas health care;
vha_674GD - Smoking and tobacco cessation;Cedar Park VA Clinic;Smoking and tobacco cessation at VA Central Texas health care;VA Central Texas health care;
vha_674GD - Women Veteran care;Cedar Park VA Clinic;Women Veteran care at VA Central Texas health care;VA Central Texas health care;
vha_674HB - Laboratory and pathology;LaGrange VA Clinic;Laboratory and pathology at VA Central Texas health care;VA Central Texas health care;
vha_674HB - My HealtheVet coordinator;LaGrange VA Clinic;My HealtheVet coordinator at VA Central Texas health care;VA Central Texas health care;
vha_674HB - Pharmacy;LaGrange VA Clinic;Pharmacy at VA Central Texas health care;VA Central Texas health care;
vha_674HB - Primary care;LaGrange VA Clinic;Primary care at VA Central Texas health care;VA Central Texas health care;
vha_674HB - Radiology;LaGrange VA Clinic;Radiology at VA Central Texas health care;VA Central Texas health care;
vha_674HB - Telehealth;LaGrange VA Clinic;Telehealth at VA Central Texas health care;VA Central Texas health care;
vha_674GA - Laboratory and pathology;Palestine VA Clinic;Laboratory and pathology at VA Central Texas health care;VA Central Texas health care;
vha_674GA - Mental health care;Palestine VA Clinic;Mental health care at VA Central Texas health care;VA Central Texas health care;
vha_674GA - My HealtheVet coordinator;Palestine VA Clinic;My HealtheVet coordinator at VA Central Texas health care;VA Central Texas health care;
vha_674GA - Pharmacy;Palestine VA Clinic;Pharmacy at VA Central Texas health care;VA Central Texas health care;
vha_674GA - Primary care;Palestine VA Clinic;Primary care at VA Central Texas health care;VA Central Texas health care;
vha_674GA - Smoking and tobacco cessation;Palestine VA Clinic;Smoking and tobacco cessation at VA Central Texas health care;VA Central Texas health care;
vha_674GF - Primary care;Temple VA Clinic;Primary care at VA Central Texas health care;VA Central Texas health care;
vha_674GF - My HealtheVet coordinator;Temple VA Clinic;My HealtheVet coordinator at VA Central Texas health care;VA Central Texas health care;
vha_756 - Caregiver support;El Paso VA Clinic;Caregiver support at VA El Paso health care;VA El Paso health care;
vha_756 - Homeless Veteran care;El Paso VA Clinic;Homeless Veteran care at VA El Paso health care;VA El Paso health care;
vha_756 - LGBT Veteran care;El Paso VA Clinic;LGBT Veteran care at VA El Paso health care;VA El Paso health care;
vha_756 - Mental health care;El Paso VA Clinic;Mental health care at VA El Paso health care;VA El Paso health care;
vha_756 - Military sexual trauma care;El Paso VA Clinic;Military sexual trauma care at VA El Paso health care;VA El Paso health care;
vha_756 - Minority Veteran care;El Paso VA Clinic;Minority Veteran care at VA El Paso health care;VA El Paso health care;
vha_756 - My HealtheVet coordinator;El Paso VA Clinic;My HealtheVet coordinator at VA El Paso health care;VA El Paso health care;
vha_756 - Patient advocates;El Paso VA Clinic;Patient advocates at VA El Paso health care;VA El Paso health care;
vha_756 - Pharmacy;El Paso VA Clinic;Pharmacy at VA El Paso health care;VA El Paso health care;
vha_756 - Registry exams;El Paso VA Clinic;Registry exams at VA El Paso health care;VA El Paso health care;
vha_756 - Returning service member care;El Paso VA Clinic;Returning service member care at VA El Paso health care;VA El Paso health care;
vha_756 - Suicide prevention;El Paso VA Clinic;Suicide prevention at VA El Paso health care;VA El Paso health care;
vha_756 - Travel reimbursement;El Paso VA Clinic;Travel reimbursement at VA El Paso health care;VA El Paso health care;
vha_756 - Women Veteran care;El Paso VA Clinic;Women Veteran care at VA El Paso health care;VA El Paso health care;
vha_756QB - Sleep medicine;El Paso Central VA Clinic;Sleep medicine at VA El Paso health care;VA El Paso health care;
vha_756GB - Extended care and rehabilitation;El Paso Eastside VA Clinic;Extended care and rehabilitation at VA El Paso health care;VA El Paso health care;
vha_756GB - Mental health care;El Paso Eastside VA Clinic;Mental health care at VA El Paso health care;VA El Paso health care;
vha_756GB - Primary care;El Paso Eastside VA Clinic;Primary care at VA El Paso health care;VA El Paso health care;
vha_756QA - Primary care;El Paso South Central VA Clinic;Primary care at VA El Paso health care;VA El Paso health care;
vha_756GA - Extended care and rehabilitation;Las Cruces VA Clinic;Extended care and rehabilitation at VA El Paso health care;VA El Paso health care;
vha_756GA - Mental health care;Las Cruces VA Clinic;Mental health care at VA El Paso health care;VA El Paso health care;
vha_756GA - Primary care;Las Cruces VA Clinic;Primary care at VA El Paso health care;VA El Paso health care;
vha_756GC - Extended care and rehabilitation;El Paso Westside VA Clinic;Extended care and rehabilitation at VA El Paso health care;VA El Paso health care;
vha_756GD - Primary care;El Paso Northeast VA Clinic;Primary care at VA El Paso health care;VA El Paso health care;
vha_549 - Anesthesia;Dallas VA Medical Center;Anesthesia at VA North Texas health care;VA North Texas health care;
vha_549 - Cardiology;Dallas VA Medical Center;Cardiology at VA North Texas health care;VA North Texas health care;
vha_549 - Caregiver support;Dallas VA Medical Center;Caregiver support at VA North Texas health care;VA North Texas health care;
vha_549 - Dental/oral surgery;Dallas VA Medical Center;Dental/oral surgery at VA North Texas health care;VA North Texas health care;
vha_549 - Gastroenterology;Dallas VA Medical Center;Gastroenterology at VA North Texas health care;VA North Texas health care;
vha_549 - Geriatrics;Dallas VA Medical Center;Geriatrics at VA North Texas health care;VA North Texas health care;
vha_549 - HIV/hepatitis care;Dallas VA Medical Center;HIV/hepatitis care at VA North Texas health care;VA North Texas health care;
vha_549 - Homeless Veteran care;Dallas VA Medical Center;Homeless Veteran care at VA North Texas health care;VA North Texas health care;
vha_549 - Laboratory and pathology;Dallas VA Medical Center;Laboratory and pathology at VA North Texas health care;VA North Texas health care;
vha_549 - LGBT Veteran care;Dallas VA Medical Center;LGBT Veteran care at VA North Texas health care;VA North Texas health care;
vha_549 - Blind and low vision rehabilitation;Dallas VA Medical Center;Blind and low vision rehabilitation at VA North Texas health care;VA North Texas health care;
vha_549 - Mental health care;Dallas VA Medical Center;Mental health care at VA North Texas health care;VA North Texas health care;
vha_549 - Minority Veteran care;Dallas VA Medical Center;Minority Veteran care at VA North Texas health care;VA North Texas health care;
vha_549 - MOVE! weight management;Dallas VA Medical Center;MOVE! weight management at VA North Texas health care;VA North Texas health care;
vha_549 - Nutrition, food, and dietary care;Dallas VA Medical Center;Nutrition, food, and dietary care at VA North Texas health care;VA North Texas health care;
vha_549 - Pain management;Dallas VA Medical Center;Pain management at VA North Texas health care;VA North Texas health care;
vha_549 - Palliative and hospice care;Dallas VA Medical Center;Palliative and hospice care at VA North Texas health care;VA North Texas health care;
vha_549 - Patient advocates;Dallas VA Medical Center;Patient advocates at VA North Texas health care;VA North Texas health care;
vha_549 - Pharmacy;Dallas VA Medical Center;Pharmacy at VA North Texas health care;VA North Texas health care;
vha_549 - Physical medicine and rehabilitation;Dallas VA Medical Center;Physical medicine and rehabilitation at VA North Texas health care;VA North Texas health care;
vha_549 - Primary care;Dallas VA Medical Center;Primary care at VA North Texas health care;VA North Texas health care;
vha_549 - Radiology;Dallas VA Medical Center;Radiology at VA North Texas health care;VA North Texas health care;
vha_549 - Recreation and creative arts therapy;Dallas VA Medical Center;Recreation and creative arts therapy at VA North Texas health care;VA North Texas health care;
vha_549 - Returning service member care;Dallas VA Medical Center;Returning service member care at VA North Texas health care;VA North Texas health care;
vha_549 - Social work;Dallas VA Medical Center;Social work at VA North Texas health care;VA North Texas health care;
vha_549 - Spinal cord injury and disorders;Dallas VA Medical Center;Spinal cord injury and disorders at VA North Texas health care;VA North Texas health care;
vha_549 - Suicide prevention;Dallas VA Medical Center;Suicide prevention at VA North Texas health care;VA North Texas health care;
vha_549 - Telehealth;Dallas VA Medical Center;Telehealth at VA North Texas health care;VA North Texas health care;
vha_549 - Travel reimbursement;Dallas VA Medical Center;Travel reimbursement at VA North Texas health care;VA North Texas health care;
vha_549 - Women Veteran care;Dallas VA Medical Center;Women Veteran care at VA North Texas health care;VA North Texas health care;
vha_549A5 - Laboratory and pathology;Garland VA Medical Center;Laboratory and pathology at VA North Texas health care;VA North Texas health care;
vha_549A5 - My HealtheVet coordinator;Garland VA Medical Center;My HealtheVet coordinator at VA North Texas health care;VA North Texas health care;
vha_549A5 - Nutrition, food, and dietary care;Garland VA Medical Center;Nutrition, food, and dietary care at VA North Texas health care;VA North Texas health care;
vha_549A5 - Primary care;Garland VA Medical Center;Primary care at VA North Texas health care;VA North Texas health care;
vha_549A5 - Social work;Garland VA Medical Center;Social work at VA North Texas health care;VA North Texas health care;
vha_549A5 - Women Veteran care;Garland VA Medical Center;Women Veteran care at VA North Texas health care;VA North Texas health care;
vha_549A4 - Extended care and rehabilitation;Sam Rayburn Memorial Veterans Center;Extended care and rehabilitation at VA North Texas health care;VA North Texas health care;
vha_549A4 - Homeless Veteran care;Sam Rayburn Memorial Veterans Center;Homeless Veteran care at VA North Texas health care;VA North Texas health care;
vha_549A4 - Laboratory and pathology;Sam Rayburn Memorial Veterans Center;Laboratory and pathology at VA North Texas health care;VA North Texas health care;
vha_549A4 - Mental health care;Sam Rayburn Memorial Veterans Center;Mental health care at VA North Texas health care;VA North Texas health care;
vha_549A4 - My HealtheVet coordinator;Sam Rayburn Memorial Veterans Center;My HealtheVet coordinator at VA North Texas health care;VA North Texas health care;
vha_549A4 - Pharmacy;Sam Rayburn Memorial Veterans Center;Pharmacy at VA North Texas health care;VA North Texas health care;
vha_549A4 - Primary care;Sam Rayburn Memorial Veterans Center;Primary care at VA North Texas health care;VA North Texas health care;
vha_549A4 - Social work;Sam Rayburn Memorial Veterans Center;Social work at VA North Texas health care;VA North Texas health care;
vha_549GE - Laboratory and pathology;Decatur VA Clinic;Laboratory and pathology at VA North Texas health care;VA North Texas health care;
vha_549GE - My HealtheVet coordinator;Decatur VA Clinic;My HealtheVet coordinator at VA North Texas health care;VA North Texas health care;
vha_549GE - Pharmacy;Decatur VA Clinic;Pharmacy at VA North Texas health care;VA North Texas health care;
vha_549GE - Primary care;Decatur VA Clinic;Primary care at VA North Texas health care;VA North Texas health care;
vha_549GD - Laboratory and pathology;Denton VA Clinic;Laboratory and pathology at VA North Texas health care;VA North Texas health care;
vha_549GD - My HealtheVet coordinator;Denton VA Clinic;My HealtheVet coordinator at VA North Texas health care;VA North Texas health care;
vha_549GD - Pharmacy;Denton VA Clinic;Pharmacy at VA North Texas health care;VA North Texas health care;
vha_549GD - Primary care;Denton VA Clinic;Primary care at VA North Texas health care;VA North Texas health care;
vha_549BY - Gastroenterology;Fort Worth VA Clinic;Gastroenterology at VA North Texas health care;VA North Texas health care;
vha_549BY - Laboratory and pathology;Fort Worth VA Clinic;Laboratory and pathology at VA North Texas health care;VA North Texas health care;
vha_549BY - My HealtheVet coordinator;Fort Worth VA Clinic;My HealtheVet coordinator at VA North Texas health care;VA North Texas health care;
vha_549BY - Pharmacy;Fort Worth VA Clinic;Pharmacy at VA North Texas health care;VA North Texas health care;
vha_549BY - Primary care;Fort Worth VA Clinic;Primary care at VA North Texas health care;VA North Texas health care;
vha_549GF - Laboratory and pathology;Granbury VA Clinic;Laboratory and pathology at VA North Texas health care;VA North Texas health care;
vha_549GF - My HealtheVet coordinator;Granbury VA Clinic;My HealtheVet coordinator at VA North Texas health care;VA North Texas health care;
vha_549GF - Pharmacy;Granbury VA Clinic;Pharmacy at VA North Texas health care;VA North Texas health care;
vha_549GF - Primary care;Granbury VA Clinic;Primary care at VA North Texas health care;VA North Texas health care;
vha_549GM - Cardiology;Grand Prairie VA Clinic;Cardiology at VA North Texas health care;VA North Texas health care;
vha_549GM - Laboratory and pathology;Grand Prairie VA Clinic;Laboratory and pathology at VA North Texas health care;VA North Texas health care;
vha_549GM - Mental health care;Grand Prairie VA Clinic;Mental health care at VA North Texas health care;VA North Texas health care;
vha_549GM - My HealtheVet coordinator;Grand Prairie VA Clinic;My HealtheVet coordinator at VA North Texas health care;VA North Texas health care;
vha_549GM - Primary care;Grand Prairie VA Clinic;Primary care at VA North Texas health care;VA North Texas health care;
vha_549GH - Primary care;Greenville VA Clinic;Primary care at VA North Texas health care;VA North Texas health care;
vha_549GH - Laboratory and pathology;Greenville VA Clinic;Laboratory and pathology at VA North Texas health care;VA North Texas health care;
vha_549GH - My HealtheVet coordinator;Greenville VA Clinic;My HealtheVet coordinator at VA North Texas health care;VA North Texas health care;
vha_549GH - Pharmacy;Greenville VA Clinic;Pharmacy at VA North Texas health care;VA North Texas health care;
vha_549GL - Laboratory and pathology;Plano VA Clinic;Laboratory and pathology at VA North Texas health care;VA North Texas health care;
vha_549GL - Mental health care;Plano VA Clinic;Mental health care at VA North Texas health care;VA North Texas health care;
vha_549GL - My HealtheVet coordinator;Plano VA Clinic;My HealtheVet coordinator at VA North Texas health care;VA North Texas health care;
vha_549GL - Primary care;Plano VA Clinic;Primary care at VA North Texas health care;VA North Texas health care;
vha_549GL - Telehealth;Plano VA Clinic;Telehealth at VA North Texas health care;VA North Texas health care;
vha_549GL - Radiology;Plano VA Clinic;Radiology at VA North Texas health care;VA North Texas health care;
vha_549GK - Cardiology;Polk Street VA Clinic;Cardiology at VA North Texas health care;VA North Texas health care;
vha_549GK - Laboratory and pathology;Polk Street VA Clinic;Laboratory and pathology at VA North Texas health care;VA North Texas health care;
vha_549GK - My HealtheVet coordinator;Polk Street VA Clinic;My HealtheVet coordinator at VA North Texas health care;VA North Texas health care;
vha_549GK - Pharmacy;Polk Street VA Clinic;Pharmacy at VA North Texas health care;VA North Texas health care;
vha_549GK - Primary care;Polk Street VA Clinic;Primary care at VA North Texas health care;VA North Texas health care;
vha_549GJ - Laboratory and pathology;Sherman VA Clinic;Laboratory and pathology at VA North Texas health care;VA North Texas health care;
vha_549GJ - My HealtheVet coordinator;Sherman VA Clinic;My HealtheVet coordinator at VA North Texas health care;VA North Texas health care;
vha_549GJ - Pharmacy;Sherman VA Clinic;Pharmacy at VA North Texas health care;VA North Texas health care;
vha_549GJ - Primary care;Sherman VA Clinic;Primary care at VA North Texas health care;VA North Texas health care;
vha_549HK - Primary care;North Texas VA Mobile Clinic;Primary care at VA North Texas health care;VA North Texas health care;
vha_549QB - Primary care;East Lacaster VA Clinic;Primary care at VA North Texas health care;VA North Texas health care;
vha_549QC - Audiology and speech;Tyler Broadway VA Clinic;Audiology and speech at VA North Texas health care;VA North Texas health care;
vha_549QC - Laboratory and pathology;Tyler Broadway VA Clinic;Laboratory and pathology at VA North Texas health care;VA North Texas health care;
vha_549QC - Mental Health Care;Tyler Broadway VA Clinic;Mental Health Care at VA North Texas health care;VA North Texas health care;
vha_549QC - My HealtheVet coordinator;Tyler Broadway VA Clinic;My HealtheVet coordinator at VA North Texas health care;VA North Texas health care;
vha_549QC - Optometry;Tyler Broadway VA Clinic;Optometry at VA North Texas health care;VA North Texas health care;
vha_549QC - Pharmacy;Tyler Broadway VA Clinic;Pharmacy at VA North Texas health care;VA North Texas health care;
vha_549QC - Primary care;Tyler Broadway VA Clinic;Primary care at VA North Texas health care;VA North Texas health care;
vha_549QC - Social work;Tyler Broadway VA Clinic;Social work at VA North Texas health care;VA North Texas health care;
vha_549QC - Telehealth;Tyler Broadway VA Clinic;Telehealth at VA North Texas health care;VA North Texas health care;
vha_549QC - Women Veteran care;Tyler Broadway VA Clinic;Women Veteran care at VA North Texas health care;VA North Texas health care;
vha_549QA - Primary care;Dallas VA Clinic;Primary care at VA North Texas health care;VA North Texas health care;
vha_671 - Allergy, asthma and immunology;"Audie L. Murphy Memorial Veterans"" Hospital";Allergy, asthma and immunology at VA South Texas health care;VA South Texas health care;
vha_671 - Audiology and speech;"Audie L. Murphy Memorial Veterans"" Hospital";Audiology and speech at VA South Texas health care;VA South Texas health care;
vha_671 - Cancer care;"Audie L. Murphy Memorial Veterans"" Hospital";Cancer care at VA South Texas health care;VA South Texas health care;
vha_671 - Cardiology;"Audie L. Murphy Memorial Veterans"" Hospital";Cardiology at VA South Texas health care;VA South Texas health care;
vha_671 - Caregiver support;"Audie L. Murphy Memorial Veterans"" Hospital";Caregiver support at VA South Texas health care;VA South Texas health care;
vha_671 - Critical care;"Audie L. Murphy Memorial Veterans"" Hospital";Critical care at VA South Texas health care;VA South Texas health care;
vha_671 - Dental/oral surgery;"Audie L. Murphy Memorial Veterans"" Hospital";Dental/oral surgery at VA South Texas health care;VA South Texas health care;
vha_671 - Dermatology;"Audie L. Murphy Memorial Veterans"" Hospital";Dermatology at VA South Texas health care;VA South Texas health care;
vha_671 - Endocrinology;"Audie L. Murphy Memorial Veterans"" Hospital";Endocrinology at VA South Texas health care;VA South Texas health care;
vha_671 - Extended care and rehabilitation;"Audie L. Murphy Memorial Veterans"" Hospital";Extended care and rehabilitation at VA South Texas health care;VA South Texas health care;
vha_671 - Gastroenterology;"Audie L. Murphy Memorial Veterans"" Hospital";Gastroenterology at VA South Texas health care;VA South Texas health care;
vha_671 - Geriatrics;"Audie L. Murphy Memorial Veterans"" Hospital";Geriatrics at VA South Texas health care;VA South Texas health care;
vha_671 - Hematology/oncology;"Audie L. Murphy Memorial Veterans"" Hospital";Hematology/oncology at VA South Texas health care;VA South Texas health care;
vha_671 - Homeless Veteran care;"Audie L. Murphy Memorial Veterans"" Hospital";Homeless Veteran care at VA South Texas health care;VA South Texas health care;
vha_671 - Infectious disease;"Audie L. Murphy Memorial Veterans"" Hospital";Infectious disease at VA South Texas health care;VA South Texas health care;
vha_671 - LGBT Veteran care;"Audie L. Murphy Memorial Veterans"" Hospital";LGBT Veteran care at VA South Texas health care;VA South Texas health care;
vha_671 - Blind and low vision rehabilitation;"Audie L. Murphy Memorial Veterans"" Hospital";Blind and low vision rehabilitation at VA South Texas health care;VA South Texas health care;
vha_671 - Mental health care;"Audie L. Murphy Memorial Veterans"" Hospital";Mental health care at VA South Texas health care;VA South Texas health care;
vha_671 - Military sexual trauma care;"Audie L. Murphy Memorial Veterans"" Hospital";Military sexual trauma care at VA South Texas health care;VA South Texas health care;
vha_671 - Minority Veteran care;"Audie L. Murphy Memorial Veterans"" Hospital";Minority Veteran care at VA South Texas health care;VA South Texas health care;
vha_671 - MOVE! weight management;"Audie L. Murphy Memorial Veterans"" Hospital";MOVE! weight management at VA South Texas health care;VA South Texas health care;
vha_671 - Nephrology;"Audie L. Murphy Memorial Veterans"" Hospital";Nephrology at VA South Texas health care;VA South Texas health care;
vha_671 - Neurology;"Audie L. Murphy Memorial Veterans"" Hospital";Neurology at VA South Texas health care;VA South Texas health care;
vha_671 - Palliative and hospice care;"Audie L. Murphy Memorial Veterans"" Hospital";Palliative and hospice care at VA South Texas health care;VA South Texas health care;
vha_671 - Patient advocates;"Audie L. Murphy Memorial Veterans"" Hospital";Patient advocates at VA South Texas health care;VA South Texas health care;
vha_671 - Pharmacy;"Audie L. Murphy Memorial Veterans"" Hospital";Pharmacy at VA South Texas health care;VA South Texas health care;
vha_671 - Physical medicine and rehabilitation;"Audie L. Murphy Memorial Veterans"" Hospital";Physical medicine and rehabilitation at VA South Texas health care;VA South Texas health care;
vha_671 - Polytrauma and traumatic brain injury;"Audie L. Murphy Memorial Veterans"" Hospital";Polytrauma and traumatic brain injury at VA South Texas health care;VA South Texas health care;
vha_671 - Primary care;"Audie L. Murphy Memorial Veterans"" Hospital";Primary care at VA South Texas health care;VA South Texas health care;
vha_671 - Pulmonary medicine;"Audie L. Murphy Memorial Veterans"" Hospital";Pulmonary medicine at VA South Texas health care;VA South Texas health care;
vha_671 - Rehabilitation and prosthetics;"Audie L. Murphy Memorial Veterans"" Hospital";Rehabilitation and prosthetics at VA South Texas health care;VA South Texas health care;
vha_671 - Returning service member care;"Audie L. Murphy Memorial Veterans"" Hospital";Returning service member care at VA South Texas health care;VA South Texas health care;
vha_671 - Rheumatology;"Audie L. Murphy Memorial Veterans"" Hospital";Rheumatology at VA South Texas health care;VA South Texas health care;
vha_671 - Sleep medicine;"Audie L. Murphy Memorial Veterans"" Hospital";Sleep medicine at VA South Texas health care;VA South Texas health care;
vha_671 - Social work;"Audie L. Murphy Memorial Veterans"" Hospital";Social work at VA South Texas health care;VA South Texas health care;
vha_671 - Suicide prevention;"Audie L. Murphy Memorial Veterans"" Hospital";Suicide prevention at VA South Texas health care;VA South Texas health care;
vha_671 - Telehealth;"Audie L. Murphy Memorial Veterans"" Hospital";Telehealth at VA South Texas health care;VA South Texas health care;
vha_671 - Transplant surgery;"Audie L. Murphy Memorial Veterans"" Hospital";Transplant surgery at VA South Texas health care;VA South Texas health care;
vha_671 - Vocational rehabilitation and employment programs;"Audie L. Murphy Memorial Veterans"" Hospital";Vocational rehabilitation and employment programs at VA South Texas health care;VA South Texas health care;
vha_671 - Women Veteran care;"Audie L. Murphy Memorial Veterans"" Hospital";Women Veteran care at VA South Texas health care;VA South Texas health care;
vha_671A4 - Audiology and speech;Kerrville VA Medical Center;Audiology and speech at VA South Texas health care;VA South Texas health care;
vha_671A4 - Extended care and rehabilitation;Kerrville VA Medical Center;Extended care and rehabilitation at VA South Texas health care;VA South Texas health care;
vha_671A4 - Dental/oral surgery;Kerrville VA Medical Center;Dental/oral surgery at VA South Texas health care;VA South Texas health care;
vha_671A4 - Dermatology;Kerrville VA Medical Center;Dermatology at VA South Texas health care;VA South Texas health care;
vha_671A4 - Nutrition, food, and dietary care;Kerrville VA Medical Center;Nutrition, food, and dietary care at VA South Texas health care;VA South Texas health care;
vha_671A4 - Gastroenterology;Kerrville VA Medical Center;Gastroenterology at VA South Texas health care;VA South Texas health care;
vha_671A4 - Geriatrics;Kerrville VA Medical Center;Geriatrics at VA South Texas health care;VA South Texas health care;
vha_671A4 - Primary care;Kerrville VA Medical Center;Primary care at VA South Texas health care;VA South Texas health care;
vha_671A4 - Radiology;Kerrville VA Medical Center;Radiology at VA South Texas health care;VA South Texas health care;
vha_671A4 - Laboratory and pathology;Kerrville VA Medical Center;Laboratory and pathology at VA South Texas health care;VA South Texas health care;
vha_671A4 - Mental health care;Kerrville VA Medical Center;Mental health care at VA South Texas health care;VA South Texas health care;
vha_671A4 - My HealtheVet coordinator;Kerrville VA Medical Center;My HealtheVet coordinator at VA South Texas health care;VA South Texas health care;
vha_671A4 - Nephrology;Kerrville VA Medical Center;Nephrology at VA South Texas health care;VA South Texas health care;
vha_671A4 - Optometry;Kerrville VA Medical Center;Optometry at VA South Texas health care;VA South Texas health care;
vha_671A4 - Orthopedics;Kerrville VA Medical Center;Orthopedics at VA South Texas health care;VA South Texas health care;
vha_671A4 - Patient advocates;Kerrville VA Medical Center;Patient advocates at VA South Texas health care;VA South Texas health care;
vha_671A4 - Pharmacy;Kerrville VA Medical Center;Pharmacy at VA South Texas health care;VA South Texas health care;
vha_671A4 - Physical medicine and rehabilitation;Kerrville VA Medical Center;Physical medicine and rehabilitation at VA South Texas health care;VA South Texas health care;
vha_671A4 - Podiatry;Kerrville VA Medical Center;Podiatry at VA South Texas health care;VA South Texas health care;
vha_671A4 - Pulmonary medicine;Kerrville VA Medical Center;Pulmonary medicine at VA South Texas health care;VA South Texas health care;
vha_671A4 - Social work;Kerrville VA Medical Center;Social work at VA South Texas health care;VA South Texas health care;
vha_671A4 - Urology;Kerrville VA Medical Center;Urology at VA South Texas health care;VA South Texas health care;
vha_671GP - Laboratory and pathology;Balcones Heights VA Clinic;Laboratory and pathology at VA South Texas health care;VA South Texas health care;
vha_671GP - Mental health care;Balcones Heights VA Clinic;Mental health care at VA South Texas health care;VA South Texas health care;
vha_671GP - Primary care;Balcones Heights VA Clinic;Primary care at VA South Texas health care;VA South Texas health care;
vha_671GP - Social work;Balcones Heights VA Clinic;Social work at VA South Texas health care;VA South Texas health care;
vha_671GP - Telehealth;Balcones Heights VA Clinic;Telehealth at VA South Texas health care;VA South Texas health care;
vha_671QB - Dental/oral surgery;Data Point VA Clinic;Dental/oral surgery at VA South Texas health care;VA South Texas health care;
vha_671BY - Mental health care;Frank M. Tejeda Deparment of Veterans Affairs Outpatient Clinic;Mental health care at VA South Texas health care;VA South Texas health care;
vha_671BY - Nutrition, food, and dietary care;Frank M. Tejeda Deparment of Veterans Affairs Outpatient Clinic;Nutrition, food, and dietary care at VA South Texas health care;VA South Texas health care;
vha_671BY - Pharmacy;Frank M. Tejeda Deparment of Veterans Affairs Outpatient Clinic;Pharmacy at VA South Texas health care;VA South Texas health care;
vha_671BY - Primary care;Frank M. Tejeda Deparment of Veterans Affairs Outpatient Clinic;Primary care at VA South Texas health care;VA South Texas health care;
vha_671BY - Radiology;Frank M. Tejeda Deparment of Veterans Affairs Outpatient Clinic;Radiology at VA South Texas health care;VA South Texas health care;
vha_671BY - Registry exams;Frank M. Tejeda Deparment of Veterans Affairs Outpatient Clinic;Registry exams at VA South Texas health care;VA South Texas health care;
vha_671BY - Returning service member care;Frank M. Tejeda Deparment of Veterans Affairs Outpatient Clinic;Returning service member care at VA South Texas health care;VA South Texas health care;
vha_671BY - Social work;Frank M. Tejeda Deparment of Veterans Affairs Outpatient Clinic;Social work at VA South Texas health care;VA South Texas health care;
vha_671BY - Telehealth;Frank M. Tejeda Deparment of Veterans Affairs Outpatient Clinic;Telehealth at VA South Texas health care;VA South Texas health care;
vha_671GL - Advice nurse;New Braunfels VA Clinic;Advice nurse at VA South Texas health care;VA South Texas health care;
vha_671GL - Laboratory and pathology;New Braunfels VA Clinic;Laboratory and pathology at VA South Texas health care;VA South Texas health care;
vha_671GL - Pharmacy;New Braunfels VA Clinic;Pharmacy at VA South Texas health care;VA South Texas health care;
vha_671GL - Primary care;New Braunfels VA Clinic;Primary care at VA South Texas health care;VA South Texas health care;
vha_671GL - Radiology;New Braunfels VA Clinic;Radiology at VA South Texas health care;VA South Texas health care;
vha_671GO - Laboratory and pathology;North Central Federal VA Clinic;Laboratory and pathology at VA South Texas health care;VA South Texas health care;
vha_671GO - Mental health care;North Central Federal VA Clinic;Mental health care at VA South Texas health care;VA South Texas health care;
vha_671GO - Nutrition, food, and dietary care;North Central Federal VA Clinic;Nutrition, food, and dietary care at VA South Texas health care;VA South Texas health care;
vha_671GO - Pharmacy;North Central Federal VA Clinic;Pharmacy at VA South Texas health care;VA South Texas health care;
vha_671GO - Primary care;North Central Federal VA Clinic;Primary care at VA South Texas health care;VA South Texas health care;
vha_671GO - Radiology;North Central Federal VA Clinic;Radiology at VA South Texas health care;VA South Texas health care;
vha_671GO - Returning service member care;North Central Federal VA Clinic;Returning service member care at VA South Texas health care;VA South Texas health care;
vha_671GO - Social work;North Central Federal VA Clinic;Social work at VA South Texas health care;VA South Texas health care;
vha_671GO - Telehealth;North Central Federal VA Clinic;Telehealth at VA South Texas health care;VA South Texas health care;
vha_671GK - Advice nurse;San Antonio VA Clinic;Advice nurse at VA South Texas health care;VA South Texas health care;
vha_671GK - Extended care and rehabilitation;San Antonio VA Clinic;Extended care and rehabilitation at VA South Texas health care;VA South Texas health care;
vha_671GK - Laboratory and pathology;San Antonio VA Clinic;Laboratory and pathology at VA South Texas health care;VA South Texas health care;
vha_671GK - Pharmacy;San Antonio VA Clinic;Pharmacy at VA South Texas health care;VA South Texas health care;
vha_671GK - Primary care;San Antonio VA Clinic;Primary care at VA South Texas health care;VA South Texas health care;
vha_671GK - Radiology;San Antonio VA Clinic;Radiology at VA South Texas health care;VA South Texas health care;
vha_671GK01 - Advice nurse;San Antonio-Northeast 410 VA Clinic;Advice nurse at VA South Texas health care;VA South Texas health care;
vha_671GK01 - Extended care and rehabilitation;San Antonio-Northeast 410 VA Clinic;Extended care and rehabilitation at VA South Texas health care;VA South Texas health care;
vha_671GK01 - Laboratory and pathology;San Antonio-Northeast 410 VA Clinic;Laboratory and pathology at VA South Texas health care;VA South Texas health care;
vha_671GK01 - Pharmacy;San Antonio-Northeast 410 VA Clinic;Pharmacy at VA South Texas health care;VA South Texas health care;
vha_671GK01 - Primary care;San Antonio-Northeast 410 VA Clinic;Primary care at VA South Texas health care;VA South Texas health care;
vha_671GK01 - Radiology;San Antonio-Northeast 410 VA Clinic;Radiology at VA South Texas health care;VA South Texas health care;
vha_671GK03 - Advice nurse;San Antonio-Pecan Valley VA Clinic;Advice nurse at VA South Texas health care;VA South Texas health care;
vha_671GK03 - Extended care and rehabilitation;San Antonio-Pecan Valley VA Clinic;Extended care and rehabilitation at VA South Texas health care;VA South Texas health care;
vha_671GK03 - Laboratory and pathology;San Antonio-Pecan Valley VA Clinic;Laboratory and pathology at VA South Texas health care;VA South Texas health care;
vha_671GK03 - Pharmacy;San Antonio-Pecan Valley VA Clinic;Pharmacy at VA South Texas health care;VA South Texas health care;
vha_671GK03 - Primary care;San Antonio-Pecan Valley VA Clinic;Primary care at VA South Texas health care;VA South Texas health care;
vha_671GK03 - Radiology;San Antonio-Pecan Valley VA Clinic;Radiology at VA South Texas health care;VA South Texas health care;
vha_671GK02 - Advice nurse;San Antonio-Southwest Military VA Clinic;Advice nurse at VA South Texas health care;VA South Texas health care;
vha_671GK02 - Extended care and rehabilitation;San Antonio-Southwest Military VA Clinic;Extended care and rehabilitation at VA South Texas health care;VA South Texas health care;
vha_671GK02 - Laboratory and pathology;San Antonio-Southwest Military VA Clinic;Laboratory and pathology at VA South Texas health care;VA South Texas health care;
vha_671GK02 - Pharmacy;San Antonio-Southwest Military VA Clinic;Pharmacy at VA South Texas health care;VA South Texas health care;
vha_671GK02 - Primary care;San Antonio-Southwest Military VA Clinic;Primary care at VA South Texas health care;VA South Texas health care;
vha_671GK02 - Radiology;San Antonio-Southwest Military VA Clinic;Radiology at VA South Texas health care;VA South Texas health care;
vha_671GN - Advice nurse;Seguin VA Clinic;Advice nurse at VA South Texas health care;VA South Texas health care;
vha_671GN - Extended care and rehabilitation;Seguin VA Clinic;Extended care and rehabilitation at VA South Texas health care;VA South Texas health care;
vha_671GN - Laboratory and pathology;Seguin VA Clinic;Laboratory and pathology at VA South Texas health care;VA South Texas health care;
vha_671GN - Pharmacy;Seguin VA Clinic;Pharmacy at VA South Texas health care;VA South Texas health care;
vha_671GN - Primary care;Seguin VA Clinic;Primary care at VA South Texas health care;VA South Texas health care;
vha_671GN - Radiology;Seguin VA Clinic;Radiology at VA South Texas health care;VA South Texas health care;
vha_671GQ - Mental health care;Shavano Park VA Clinic;Mental health care at VA South Texas health care;VA South Texas health care;
vha_671GQ - Primary care;Shavano Park VA Clinic;Primary care at VA South Texas health care;VA South Texas health care;
vha_671GQ - Social work;Shavano Park VA Clinic;Social work at VA South Texas health care;VA South Texas health care;
vha_671GQ - Telehealth;Shavano Park VA Clinic;Telehealth at VA South Texas health care;VA South Texas health care;
vha_671GF - Laboratory and pathology;South Bexar County VA Clinic;Laboratory and pathology at VA South Texas health care;VA South Texas health care;
vha_671GF - Mental health care;South Bexar County VA Clinic;Mental health care at VA South Texas health care;VA South Texas health care;
vha_671GF - Primary care;South Bexar County VA Clinic;Primary care at VA South Texas health care;VA South Texas health care;
vha_671GF - Social work;South Bexar County VA Clinic;Social work at VA South Texas health care;VA South Texas health care;
vha_671GF - Telehealth;South Bexar County VA Clinic;Telehealth at VA South Texas health care;VA South Texas health care;
vha_671GB - Mental health care;Victoria VA Clinic;Mental health care at VA South Texas health care;VA South Texas health care;
vha_671GB - Nutrition, food, and dietary care;Victoria VA Clinic;Nutrition, food, and dietary care at VA South Texas health care;VA South Texas health care;
vha_671GB - Podiatry;Victoria VA Clinic;Podiatry at VA South Texas health care;VA South Texas health care;
vha_671GB - Primary care;Victoria VA Clinic;Primary care at VA South Texas health care;VA South Texas health care;
vha_671GB - Social work;Victoria VA Clinic;Social work at VA South Texas health care;VA South Texas health care;
vha_671GB - Telehealth;Victoria VA Clinic;Telehealth at VA South Texas health care;VA South Texas health care;
vha_671GH - Advice nurse;Beeville VA Cllinic;Advice nurse at VA South Texas health care;VA South Texas health care;
vha_671GH - Laboratory and pathology;Beeville VA Cllinic;Laboratory and pathology at VA South Texas health care;VA South Texas health care;
vha_671GH - Pharmacy;Beeville VA Cllinic;Pharmacy at VA South Texas health care;VA South Texas health care;
vha_671GH - Primary care;Beeville VA Cllinic;Primary care at VA South Texas health care;VA South Texas health care;
vha_671GH - Radiology;Beeville VA Cllinic;Radiology at VA South Texas health care;VA South Texas health care;
vha_671GR - Mental Health Care;North Bexar VA Clinic;Mental Health Care at VA South Texas health care;VA South Texas health care;
vha_671GR - Primary care;North Bexar VA Clinic;Primary care at VA South Texas health care;VA South Texas health care;
vha_671QA - Primary care;South Texas VA Mobile Clinic;Primary care at VA South Texas health care;VA South Texas health care;
vha_740 - Addiction and substance abuse care;Harlingen VA Clinic;Addiction and substance abuse care at VA Texas Valley health care;VA Texas Valley health care;
vha_740 - Amputation care;Harlingen VA Clinic;Amputation care at VA Texas Valley health care;VA Texas Valley health care;
vha_740 - Anesthesia;Harlingen VA Clinic;Anesthesia at VA Texas Valley health care;VA Texas Valley health care;
vha_740 - Audiology and speech;Harlingen VA Clinic;Audiology and speech at VA Texas Valley health care;VA Texas Valley health care;
vha_740 - Cardiology;Harlingen VA Clinic;Cardiology at VA Texas Valley health care;VA Texas Valley health care;
vha_740 - Caregiver support;Harlingen VA Clinic;Caregiver support at VA Texas Valley health care;VA Texas Valley health care;
vha_740 - Dental/oral surgery;Harlingen VA Clinic;Dental/oral surgery at VA Texas Valley health care;VA Texas Valley health care;
vha_740 - Dermatology;Harlingen VA Clinic;Dermatology at VA Texas Valley health care;VA Texas Valley health care;
vha_740 - Diabetic care;Harlingen VA Clinic;Diabetic care at VA Texas Valley health care;VA Texas Valley health care;
vha_740 - Extended care and rehabilitation;Harlingen VA Clinic;Extended care and rehabilitation at VA Texas Valley health care;VA Texas Valley health care;
vha_740 - Gastroenterology;Harlingen VA Clinic;Gastroenterology at VA Texas Valley health care;VA Texas Valley health care;
vha_740 - Geriatrics;Harlingen VA Clinic;Geriatrics at VA Texas Valley health care;VA Texas Valley health care;
vha_740 - Homeless Veteran care;Harlingen VA Clinic;Homeless Veteran care at VA Texas Valley health care;VA Texas Valley health care;
vha_740 - Infectious disease;Harlingen VA Clinic;Infectious disease at VA Texas Valley health care;VA Texas Valley health care;
vha_740 - Laboratory and pathology;Harlingen VA Clinic;Laboratory and pathology at VA Texas Valley health care;VA Texas Valley health care;
vha_740 - LGBT Veteran care;Harlingen VA Clinic;LGBT Veteran care at VA Texas Valley health care;VA Texas Valley health care;
vha_740 - Blind and low vision rehabilitation;Harlingen VA Clinic;Blind and low vision rehabilitation at VA Texas Valley health care;VA Texas Valley health care;
vha_740 - Mental health care;Harlingen VA Clinic;Mental health care at VA Texas Valley health care;VA Texas Valley health care;
vha_740 - Military sexual trauma care;Harlingen VA Clinic;Military sexual trauma care at VA Texas Valley health care;VA Texas Valley health care;
vha_740 - Minority Veteran care;Harlingen VA Clinic;Minority Veteran care at VA Texas Valley health care;VA Texas Valley health care;
vha_740 - Nephrology;Harlingen VA Clinic;Nephrology at VA Texas Valley health care;VA Texas Valley health care;
vha_740 - Neurology;Harlingen VA Clinic;Neurology at VA Texas Valley health care;VA Texas Valley health care;
vha_740 - Ophthalmology;Harlingen VA Clinic;Ophthalmology at VA Texas Valley health care;VA Texas Valley health care;
vha_740 - Optometry;Harlingen VA Clinic;Optometry at VA Texas Valley health care;VA Texas Valley health care;
vha_740 - Orthopedics;Harlingen VA Clinic;Orthopedics at VA Texas Valley health care;VA Texas Valley health care;
vha_740 - Otolaryngology;Harlingen VA Clinic;Otolaryngology at VA Texas Valley health care;VA Texas Valley health care;
vha_740 - Pain management;Harlingen VA Clinic;Pain management at VA Texas Valley health care;VA Texas Valley health care;
vha_740 - Palliative and hospice care;Harlingen VA Clinic;Palliative and hospice care at VA Texas Valley health care;VA Texas Valley health care;
vha_740 - Patient advocates;Harlingen VA Clinic;Patient advocates at VA Texas Valley health care;VA Texas Valley health care;
vha_740 - Pharmacy;Harlingen VA Clinic;Pharmacy at VA Texas Valley health care;VA Texas Valley health care;
vha_740 - Physical medicine and rehabilitation;Harlingen VA Clinic;Physical medicine and rehabilitation at VA Texas Valley health care;VA Texas Valley health care;
vha_740 - Podiatry;Harlingen VA Clinic;Podiatry at VA Texas Valley health care;VA Texas Valley health care;
vha_740 - Primary care;Harlingen VA Clinic;Primary care at VA Texas Valley health care;VA Texas Valley health care;
vha_740 - Psychiatry;Harlingen VA Clinic;Psychiatry at VA Texas Valley health care;VA Texas Valley health care;
vha_740 - PTSD care;Harlingen VA Clinic;PTSD care at VA Texas Valley health care;VA Texas Valley health care;
vha_740 - Pulmonary medicine;Harlingen VA Clinic;Pulmonary medicine at VA Texas Valley health care;VA Texas Valley health care;
vha_740 - Radiation oncology;Harlingen VA Clinic;Radiation oncology at VA Texas Valley health care;VA Texas Valley health care;
vha_740 - Rehabilitation and prosthetics;Harlingen VA Clinic;Rehabilitation and prosthetics at VA Texas Valley health care;VA Texas Valley health care;
vha_740 - Returning service member care;Harlingen VA Clinic;Returning service member care at VA Texas Valley health care;VA Texas Valley health care;
vha_740 - Rheumatology;Harlingen VA Clinic;Rheumatology at VA Texas Valley health care;VA Texas Valley health care;
vha_740 - Sleep medicine;Harlingen VA Clinic;Sleep medicine at VA Texas Valley health care;VA Texas Valley health care;
vha_740 - Smoking and tobacco cessation;Harlingen VA Clinic;Smoking and tobacco cessation at VA Texas Valley health care;VA Texas Valley health care;
vha_740 - Social work;Harlingen VA Clinic;Social work at VA Texas Valley health care;VA Texas Valley health care;
vha_740 - Suicide prevention;Harlingen VA Clinic;Suicide prevention at VA Texas Valley health care;VA Texas Valley health care;
vha_740 - Telehealth;Harlingen VA Clinic;Telehealth at VA Texas Valley health care;VA Texas Valley health care;
vha_740 - Urology;Harlingen VA Clinic;Urology at VA Texas Valley health care;VA Texas Valley health care;
vha_740 - Women Veteran care;Harlingen VA Clinic;Women Veteran care at VA Texas Valley health care;VA Texas Valley health care;
vha_740GC - Laboratory and pathology;Corpus Christi VA Clinic;Laboratory and pathology at VA Texas Valley health care;VA Texas Valley health care;
vha_740GC - Mental health care;Corpus Christi VA Clinic;Mental health care at VA Texas Valley health care;VA Texas Valley health care;
vha_740GC - My HealtheVet coordinator;Corpus Christi VA Clinic;My HealtheVet coordinator at VA Texas Valley health care;VA Texas Valley health care;
vha_740GC - Nutrition, food, and dietary care;Corpus Christi VA Clinic;Nutrition, food, and dietary care at VA Texas Valley health care;VA Texas Valley health care;
vha_740GC - Optometry;Corpus Christi VA Clinic;Optometry at VA Texas Valley health care;VA Texas Valley health care;
vha_740GC - Pharmacy;Corpus Christi VA Clinic;Pharmacy at VA Texas Valley health care;VA Texas Valley health care;
vha_740GC - Physical therapy, occupational therapy and kinesiotherapy;Corpus Christi VA Clinic;Physical therapy, occupational therapy and kinesiotherapy at VA Texas Valley health care;VA Texas Valley health care;
vha_740GC - Primary care;Corpus Christi VA Clinic;Primary care at VA Texas Valley health care;VA Texas Valley health care;
vha_740GC - Radiology;Corpus Christi VA Clinic;Radiology at VA Texas Valley health care;VA Texas Valley health care;
vha_740GC - Rehabilitation and prosthetics;Corpus Christi VA Clinic;Rehabilitation and prosthetics at VA Texas Valley health care;VA Texas Valley health care;
vha_740GC - Social work;Corpus Christi VA Clinic;Social work at VA Texas Valley health care;VA Texas Valley health care;
vha_740GC - Telehealth;Corpus Christi VA Clinic;Telehealth at VA Texas Valley health care;VA Texas Valley health care;
vha_740GC - Women Veteran care;Corpus Christi VA Clinic;Women Veteran care at VA Texas Valley health care;VA Texas Valley health care;
vha_740GA - Laboratory and pathology;Harlingen VA Clinic-Treasure Hills;Laboratory and pathology at VA Texas Valley health care;VA Texas Valley health care;
vha_740GA - Mental health care;Harlingen VA Clinic-Treasure Hills;Mental health care at VA Texas Valley health care;VA Texas Valley health care;
vha_740GA - My HealtheVet coordinator;Harlingen VA Clinic-Treasure Hills;My HealtheVet coordinator at VA Texas Valley health care;VA Texas Valley health care;
vha_740GA - Nutrition, food, and dietary care;Harlingen VA Clinic-Treasure Hills;Nutrition, food, and dietary care at VA Texas Valley health care;VA Texas Valley health care;
vha_740GA - Pharmacy;Harlingen VA Clinic-Treasure Hills;Pharmacy at VA Texas Valley health care;VA Texas Valley health care;
vha_740GA - Primary care;Harlingen VA Clinic-Treasure Hills;Primary care at VA Texas Valley health care;VA Texas Valley health care;
vha_740GA - Social work;Harlingen VA Clinic-Treasure Hills;Social work at VA Texas Valley health care;VA Texas Valley health care;
vha_740GD - Laboratory and pathology;Laredo VA Clinic;Laboratory and pathology at VA Texas Valley health care;VA Texas Valley health care;
vha_740GD - Mental health care;Laredo VA Clinic;Mental health care at VA Texas Valley health care;VA Texas Valley health care;
vha_740GD - My HealtheVet coordinator;Laredo VA Clinic;My HealtheVet coordinator at VA Texas Valley health care;VA Texas Valley health care;
vha_740GD - Nutrition, food, and dietary care;Laredo VA Clinic;Nutrition, food, and dietary care at VA Texas Valley health care;VA Texas Valley health care;
vha_740GD - Pharmacy;Laredo VA Clinic;Pharmacy at VA Texas Valley health care;VA Texas Valley health care;
vha_740GD - Podiatry;Laredo VA Clinic;Podiatry at VA Texas Valley health care;VA Texas Valley health care;
vha_740GD - Primary care;Laredo VA Clinic;Primary care at VA Texas Valley health care;VA Texas Valley health care;
vha_740GD - Social work;Laredo VA Clinic;Social work at VA Texas Valley health care;VA Texas Valley health care;
vha_740GB - Laboratory and pathology;McAllen VA Clinic;Laboratory and pathology at VA Texas Valley health care;VA Texas Valley health care;
vha_740GB - Mental health care;McAllen VA Clinic;Mental health care at VA Texas Valley health care;VA Texas Valley health care;
vha_740GB - My HealtheVet coordinator;McAllen VA Clinic;My HealtheVet coordinator at VA Texas Valley health care;VA Texas Valley health care;
vha_740GB - Nutrition, food, and dietary;McAllen VA Clinic;Nutrition, food, and dietary at VA Texas Valley health care;VA Texas Valley health care;
vha_740GB - Optometry;McAllen VA Clinic;Optometry at VA Texas Valley health care;VA Texas Valley health care;
vha_740GB - Pharmacy;McAllen VA Clinic;Pharmacy at VA Texas Valley health care;VA Texas Valley health care;
vha_740GB - Physical therapy, occupational therapy and kinesiotherapy;McAllen VA Clinic;Physical therapy, occupational therapy and kinesiotherapy at VA Texas Valley health care;VA Texas Valley health care;
vha_740GB - Primary care;McAllen VA Clinic;Primary care at VA Texas Valley health care;VA Texas Valley health care;
vha_740GB - Radiology;McAllen VA Clinic;Radiology at VA Texas Valley health care;VA Texas Valley health care;
vha_740GB - Rehabilitation and prosthetics;McAllen VA Clinic;Rehabilitation and prosthetics at VA Texas Valley health care;VA Texas Valley health care;
vha_740GB - Social work;McAllen VA Clinic;Social work at VA Texas Valley health care;VA Texas Valley health care;
vha_740GB - Telehealth;McAllen VA Clinic;Telehealth at VA Texas Valley health care;VA Texas Valley health care;
vha_740GB - Women Veteran care;McAllen VA Clinic;Women Veteran care at VA Texas Valley health care;VA Texas Valley health care;
vha_740GI - Primary care;Old Brownsville VA Clinic;Primary care at VA Texas Valley health care;VA Texas Valley health care;
vha_740GH - Cardiology;South Enterprize VA Clinic;Cardiology at VA Texas Valley health care;VA Texas Valley health care;
vha_740GH - Mental health care;South Enterprize VA Clinic;Mental health care at VA Texas Valley health care;VA Texas Valley health care;
vha_740GH - My HealtheVet coordinator;South Enterprize VA Clinic;My HealtheVet coordinator at VA Texas Valley health care;VA Texas Valley health care;
vha_740GH - Orthopedics;South Enterprize VA Clinic;Orthopedics at VA Texas Valley health care;VA Texas Valley health care;
vha_740GH - Pharmacy;South Enterprize VA Clinic;Pharmacy at VA Texas Valley health care;VA Texas Valley health care;
vha_740GH - Physical therapy, occupational therapy and kinesiotherapy;South Enterprize VA Clinic;Physical therapy, occupational therapy and kinesiotherapy at VA Texas Valley health care;VA Texas Valley health care;
vha_740GH - Podiatry;South Enterprize VA Clinic;Podiatry at VA Texas Valley health care;VA Texas Valley health care;
vha_740GH - Pulmonary medicine;South Enterprize VA Clinic;Pulmonary medicine at VA Texas Valley health care;VA Texas Valley health care;
vha_740GH - Registry exams;South Enterprize VA Clinic;Registry exams at VA Texas Valley health care;VA Texas Valley health care;
vha_740GJ - Primary care;North Tenth Street VA Clinic;Primary care at VA Texas Valley health care;VA Texas Valley health care;
vha_740QA - Primary care;Texas Valley Coastal Bend VA Mobile Clinic;Primary care at VA Texas Valley health care;VA Texas Valley health care;
vha_519 - Addiction and substance abuse care;"George H. O""Brien, Jr. Department of Veterans Affairs Medical Center";Addiction and substance abuse care at VA West Texas health care;VA West Texas health care;
vha_519 - Advice nurse;"George H. O""Brien, Jr. Department of Veterans Affairs Medical Center";Advice nurse at VA West Texas health care;VA West Texas health care;
vha_519 - Audiology and speech;"George H. O""Brien, Jr. Department of Veterans Affairs Medical Center";Audiology and speech at VA West Texas health care;VA West Texas health care;
vha_519 - Caregiver support;"George H. O""Brien, Jr. Department of Veterans Affairs Medical Center";Caregiver support at VA West Texas health care;VA West Texas health care;
vha_519 - Dental/oral surgery;"George H. O""Brien, Jr. Department of Veterans Affairs Medical Center";Dental/oral surgery at VA West Texas health care;VA West Texas health care;
vha_519 - Extended care and rehabilitation;"George H. O""Brien, Jr. Department of Veterans Affairs Medical Center";Extended care and rehabilitation at VA West Texas health care;VA West Texas health care;
vha_519 - Homeless Veteran care;"George H. O""Brien, Jr. Department of Veterans Affairs Medical Center";Homeless Veteran care at VA West Texas health care;VA West Texas health care;
vha_519 - Laboratory and pathology;"George H. O""Brien, Jr. Department of Veterans Affairs Medical Center";Laboratory and pathology at VA West Texas health care;VA West Texas health care;
vha_519 - LGBT Veteran care;"George H. O""Brien, Jr. Department of Veterans Affairs Medical Center";LGBT Veteran care at VA West Texas health care;VA West Texas health care;
vha_519 - Mental health care;"George H. O""Brien, Jr. Department of Veterans Affairs Medical Center";Mental health care at VA West Texas health care;VA West Texas health care;
vha_519 - Minority Veteran care;"George H. O""Brien, Jr. Department of Veterans Affairs Medical Center";Minority Veteran care at VA West Texas health care;VA West Texas health care;
vha_519 - Nutrition, food, and dietary care;"George H. O""Brien, Jr. Department of Veterans Affairs Medical Center";Nutrition, food, and dietary care at VA West Texas health care;VA West Texas health care;
vha_519 - Ophthalmology;"George H. O""Brien, Jr. Department of Veterans Affairs Medical Center";Ophthalmology at VA West Texas health care;VA West Texas health care;
vha_519 - Palliative and hospice care;"George H. O""Brien, Jr. Department of Veterans Affairs Medical Center";Palliative and hospice care at VA West Texas health care;VA West Texas health care;
vha_519 - Patient advocates;"George H. O""Brien, Jr. Department of Veterans Affairs Medical Center";Patient advocates at VA West Texas health care;VA West Texas health care;
vha_519 - Pharmacy;"George H. O""Brien, Jr. Department of Veterans Affairs Medical Center";Pharmacy at VA West Texas health care;VA West Texas health care;
vha_519 - Physical medicine and rehabilitation;"George H. O""Brien, Jr. Department of Veterans Affairs Medical Center";Physical medicine and rehabilitation at VA West Texas health care;VA West Texas health care;
vha_519 - Polytrauma and traumatic brain injury;"George H. O""Brien, Jr. Department of Veterans Affairs Medical Center";Polytrauma and traumatic brain injury at VA West Texas health care;VA West Texas health care;
vha_519 - Primary care;"George H. O""Brien, Jr. Department of Veterans Affairs Medical Center";Primary care at VA West Texas health care;VA West Texas health care;
vha_519 - PTSD care;"George H. O""Brien, Jr. Department of Veterans Affairs Medical Center";PTSD care at VA West Texas health care;VA West Texas health care;
vha_519 - Radiology;"George H. O""Brien, Jr. Department of Veterans Affairs Medical Center";Radiology at VA West Texas health care;VA West Texas health care;
vha_519 - Returning service member care;"George H. O""Brien, Jr. Department of Veterans Affairs Medical Center";Returning service member care at VA West Texas health care;VA West Texas health care;
vha_519 - Social work;"George H. O""Brien, Jr. Department of Veterans Affairs Medical Center";Social work at VA West Texas health care;VA West Texas health care;
vha_519 - Spinal cord injury and disorders;"George H. O""Brien, Jr. Department of Veterans Affairs Medical Center";Spinal cord injury and disorders at VA West Texas health care;VA West Texas health care;
vha_519 - Suicide prevention;"George H. O""Brien, Jr. Department of Veterans Affairs Medical Center";Suicide prevention at VA West Texas health care;VA West Texas health care;
vha_519 - Telehealth;"George H. O""Brien, Jr. Department of Veterans Affairs Medical Center";Telehealth at VA West Texas health care;VA West Texas health care;
vha_519 - Travel reimbursement;"George H. O""Brien, Jr. Department of Veterans Affairs Medical Center";Travel reimbursement at VA West Texas health care;VA West Texas health care;
vha_519 - Vocational rehabilitation and employment programs;"George H. O""Brien, Jr. Department of Veterans Affairs Medical Center";Vocational rehabilitation and employment programs at VA West Texas health care;VA West Texas health care;
vha_519 - Women Veteran care;"George H. O""Brien, Jr. Department of Veterans Affairs Medical Center";Women Veteran care at VA West Texas health care;VA West Texas health care;
vha_519HC - Addiction and substance abuse care;Abilene Clinic;Addiction and substance abuse care at VA West Texas health care;VA West Texas health care;
vha_519HC - Audiology and speech;Abilene Clinic;Audiology and speech at VA West Texas health care;VA West Texas health care;
vha_519HC - Extended care and rehabilitation;Abilene Clinic;Extended care and rehabilitation at VA West Texas health care;VA West Texas health care;
vha_519HC - Mental health care;Abilene Clinic;Mental health care at VA West Texas health care;VA West Texas health care;
vha_519HC - Optometry;Abilene Clinic;Optometry at VA West Texas health care;VA West Texas health care;
vha_519HC - Physical therapy, occupational therapy and kinesiotherapy;Abilene Clinic;Physical therapy, occupational therapy and kinesiotherapy at VA West Texas health care;VA West Texas health care;
vha_519HC - Primary care;Abilene Clinic;Primary care at VA West Texas health care;VA West Texas health care;
vha_519HC - Psychology;Abilene Clinic;Psychology at VA West Texas health care;VA West Texas health care;
vha_519HC - Social work;Abilene Clinic;Social work at VA West Texas health care;VA West Texas health care;
vha_519HC - Telehealth;Abilene Clinic;Telehealth at VA West Texas health care;VA West Texas health care;
vha_519HC - Women Veteran care;Abilene Clinic;Women Veteran care at VA West Texas health care;VA West Texas health care;
vha_519GD - Primary care;Fort Stockton VA Clinic;Primary care at VA West Texas health care;VA West Texas health care;
vha_519GD - Women Veteran care;Fort Stockton VA Clinic;Women Veteran care at VA West Texas health care;VA West Texas health care;
vha_519GB - Extended care and rehabilitation;Hobbs VA Clinic;Extended care and rehabilitation at VA West Texas health care;VA West Texas health care;
vha_519GB - Mental health care;Hobbs VA Clinic;Mental health care at VA West Texas health care;VA West Texas health care;
vha_519GB - Primary care;Hobbs VA Clinic;Primary care at VA West Texas health care;VA West Texas health care;
vha_519GB - Telehealth;Hobbs VA Clinic;Telehealth at VA West Texas health care;VA West Texas health care;
vha_519GB - Women Veteran care;Hobbs VA Clinic;Women Veteran care at VA West Texas health care;VA West Texas health care;
vha_519HF - Addiction and substance abuse care;San Angelo VA Clinic;Addiction and substance abuse care at VA West Texas health care;VA West Texas health care;
vha_519HF - Extended care and rehabilitation;San Angelo VA Clinic;Extended care and rehabilitation at VA West Texas health care;VA West Texas health care;
vha_519HF - Mental health care;San Angelo VA Clinic;Mental health care at VA West Texas health care;VA West Texas health care;
vha_519HF - Primary care;San Angelo VA Clinic;Primary care at VA West Texas health care;VA West Texas health care;
vha_519HF - Social work;San Angelo VA Clinic;Social work at VA West Texas health care;VA West Texas health care;
vha_519HF - Telehealth;San Angelo VA Clinic;Telehealth at VA West Texas health care;VA West Texas health care;
vha_519HF - Women Veteran care;San Angelo VA Clinic;Women Veteran care at VA West Texas health care;VA West Texas health care;
vha_519GA - Addiction and substance abuse care;Wilson and Young Medal of Honor VA Clinic;Addiction and substance abuse care at VA West Texas health care;VA West Texas health care;
vha_519GA - Audiology and speech;Wilson and Young Medal of Honor VA Clinic;Audiology and speech at VA West Texas health care;VA West Texas health care;
vha_519GA - Mental health care;Wilson and Young Medal of Honor VA Clinic;Mental health care at VA West Texas health care;VA West Texas health care;
vha_519GA - Optometry;Wilson and Young Medal of Honor VA Clinic;Optometry at VA West Texas health care;VA West Texas health care;
vha_519GA - Physical therapy, occupational therapy and kinesiotherapy;Wilson and Young Medal of Honor VA Clinic;Physical therapy, occupational therapy and kinesiotherapy at VA West Texas health care;VA West Texas health care;
vha_519GA - Primary care;Wilson and Young Medal of Honor VA Clinic;Primary care at VA West Texas health care;VA West Texas health care;
vha_519GA - Psychology;Wilson and Young Medal of Honor VA Clinic;Psychology at VA West Texas health care;VA West Texas health care;
vha_519GA - Telehealth;Wilson and Young Medal of Honor VA Clinic;Telehealth at VA West Texas health care;VA West Texas health care;
vha_519GA - Women Veteran care;Wilson and Young Medal of Honor VA Clinic;Women Veteran care at VA West Texas health care;VA West Texas health care;
